source,q1,median,q2,mode,mean
(Intercept),4.7525504304549146e-95,1.7353607889170556e-14,0.0001959476676629985,0.0,4.424859429233032e-5
r,5.019316652744088e-10,0.0830686359412787,0.9045093538682072,0.01990113205385208,0.215978128796412
condition: hold,6.747653120624647e-140,4.977571079233068e-19,5.840784232491914e-5,0.0,0.00013489121650939057
condition: disrupt,1.6421329194502726e-88,1.4428382233739904e-12,0.002516166187132214,0.0,0.0007481421339528518
condition: no,2.072758169033797e-12,0.07648649952984116,0.9276170272523443,0.008803581285254493,0.22327806893696897
r & condition: hold,2.3336730795246528e-12,0.13214054034078088,0.9447758393092182,7.585356591220349e-6,0.27108617189566914
r & condition: disrupt,4.540627099084053e-16,0.03278985594543135,0.9159073428532386,0.3484714464477386,0.19010671520063988
r & condition: no,3.2057858079501454e-11,0.07068276872144619,0.9117325010672465,0.19104573134946626,0.2032221443010837
