source,proportion,q1,median,q2,mode,mean
(Intercept),1.0,2.8802815315221753e-47,1.8931956300200197e-13,5.382835886142016e-5,6.682771156256332e-180,2.34444220749815e-5
dance_by: disrupt,0.9787,4.937166367767675e-31,3.651138020776406e-8,0.036666494906503026,4.034763024533099e-112,0.0057207925147990755
dance_by: hold,0.9706,9.390406916585585e-40,1.9976532244073563e-9,0.07154638870203653,2.125035109620354e-251,0.008870813265437033
light: dark,0.8361,5.9753939612464266e-15,0.0009284784068991578,0.39550431511606116,7.19474099673791e-56,0.040686685482836674
r,0.9031,8.239920276474055e-18,9.954422479210558e-5,0.23912899413496802,2.0353285326207358e-95,0.022366318471920745
