condition;R-value
5;0.597916025835546
22;0.803865226973922
45;0.822368281609995
60;0.751589024990999
75;0.542650730936516
80;0.349317060093793
85;0.33149981600084
90;0.167322415941784
dark;0.154982888951449