(Intercept),at_run,r
0.005099999999999993,0.0010999999999999899,0.0038000000000000256
