factor,proportion,pvalue
at_run,0.7872,0.0007077802276640487
r,0.975,7.079942065948435e-8
