factor,proportion,pvalue
r,0.2657,0.2638982082678147
dance_by: hold,0.263,0.2705788275981744
