factor,proportion,pvalue
danced: yes,0.9977,2.748866197065741e-10
r,0.5745,0.021336675194081126
