factor,proportion,pvalue
light: dark,0.9912,1.149532706550988e-9
r,0.975,5.680649938040175e-8
