(Intercept),light: remain,r
0.008000000000000007,0.00539999999999996,0.0039000000000000146
